{
  "total_energy_mwh": 332104.5808156965,
  "total_energy_j": 1195576490936507.5,
  "revenue": 24186512.411645543,
  "coal_cost": 12995921.27591954,
  "om_cost": 3909587.280337301,
  "total_cost": 16905508.556256842,
  "net_profit": 7281003.855388701,
  "profit_margin": 30.10357066562014,
  "cost_per_MWh": 50.904171555642165,
  "carbon_emissions_tons": 315499.3517749117,
  "uptime_percent": 95.83796296296296,
  "availability": 0.9583796296296296,
  "coal_consumed_tons": 136799.17132546884,
  "capacity_factor_percent": 83.8647931352769,
  "pert_expected_profit": 7341678.887516939,
  "pert_profit_std": 424725.2248976741,
  "pert_expected_cost": 17046387.794225648,
  "npv": 28856128.535664648,
  "benefit_investment_ratio": 3.6405019276943507,
  "real_option_value": 0.0,
  "profit_value_at_risk": 6577545.029707964,
  "profit_cvar": 6440750.1713290885,
  "monte_carlo_trials": 5000,
  "monte_carlo_confidence": 0.95,
  "discount_rate": 0.08,
  "capital_expenditure": 20000000.0
}