{
  "total_energy_mwh": 1313067.7435365736,
  "total_energy_j": 4727043876731665.0,
  "revenue": 95628097.62628159,
  "coal_cost": 51393457.32068811,
  "om_cost": 15470979.84591458,
  "total_cost": 66864437.16660269,
  "net_profit": 28763660.459678896,
  "profit_margin": 30.078670572417348,
  "cost_per_MWh": 50.9223057955199,
  "carbon_emissions_tons": 1247414.356359745,
  "uptime_percent": 94.86284722222223,
  "availability": 0.9486284722222222,
  "coal_consumed_tons": 540983.7612704012,
  "capacity_factor_percent": 82.89569087983419,
  "pert_expected_profit": 29003357.63017622,
  "pert_profit_std": 1677880.1934812684,
  "pert_expected_cost": 67421640.80965771,
  "npv": 173006503.0159588,
  "benefit_investment_ratio": 14.381830229839448,
  "real_option_value": 0.0,
  "profit_value_at_risk": 25926961.403396405,
  "profit_cvar": 25415940.458432723,
  "monte_carlo_trials": 5000,
  "monte_carlo_confidence": 0.95,
  "discount_rate": 0.08,
  "capital_expenditure": 20000000.0
}