{
  "total_energy_mwh": 331988.5347646225,
  "total_energy_j": 1195158725152641.0,
  "revenue": 24178061.009837925,
  "coal_cost": 12991424.255341094,
  "om_cost": 3909065.073107468,
  "total_cost": 16900489.328448564,
  "net_profit": 7277571.681389362,
  "profit_margin": 30.099897913352752,
  "cost_per_MWh": 50.90684634766345,
  "carbon_emissions_tons": 315389.10802639136,
  "uptime_percent": 95.83796296296296,
  "availability": 0.9583796296296296,
  "coal_consumed_tons": 136751.83426674837,
  "capacity_factor_percent": 83.83548857692487,
  "pert_expected_profit": 7338218.112067606,
  "pert_profit_std": 424525.01474771276,
  "pert_expected_cost": 17041326.739518967,
  "npv": 28833098.368753754,
  "benefit_investment_ratio": 3.638785840694681,
  "real_option_value": 0.0,
  "profit_value_at_risk": 6574444.457385955,
  "profit_cvar": 6437714.082389523,
  "monte_carlo_trials": 5000,
  "monte_carlo_confidence": 0.95,
  "discount_rate": 0.08,
  "capital_expenditure": 20000000.0
}